wdfs,asdf,,,,,,,,,,,,,,,,,,,,,,,,,,,,,,,,,,,,,,,,,,,,,,,,,,,,,,,,,,,,,,,,,,,,,
Pet Supplies,Type,Dog Size,Material,Features,Color,Custom Bundle,Model,MPN,Dog Breed,Modified Item,Theme,Country/Region of Manufacture,California Prop 65 Warning,,,,,,,,,,,,,,,,,,,,,,,,,,,,,,,,,,,,,,,,,,,,,,,,,,,,,,,,,
Live Animals,Handmade,Modified Item,Country/Region of Manufacture,California Prop 65 Warning,Material,Type,,,,,,,,,,,,,,,,,,,,,,,,,,,,,,,,,,,,,,,,,,,,,,,,,,,,,,,,,,,,,,,,
Shoes,US Shoe Size (Men's),Model,Department,Upper Material,Shoe Width,Type,Vintage,Product Line,Country/Region of Manufacture,Features,Character,Performance/Activity,Pattern,Theme,Insole Material,Character Family,Shoe Shaft Style,Closure,Lining Material,Outsole Material,Fabric Type,Season,Customized,Accents,Water Resistance Level,Handmade,Signed/Autographed,Cleat Type,Personalized,Occasion,Year of Manufacture,Midsole Type,Manufacturer Color,MPN,California Prop 65 Warning,Cushioning Level,Euro Size,Heel to Toe Drop,Pronation,Stud Shape,,,,,,,,,,,,,,,,,,,,,,,,,,,,,,
Shoe Accessories,Brand,Type,MPN,Original/Reproduction,Decade,Gender,Color,Material,Look,Occasion,Modified Item,California Prop 65 Warning,Country/Region of Manufacture,,,,,,,,,,,,,,,,,,,,,,,,,,,,,,,,,,,,,,,,,,,,,,,,,,,,,,,,,
Jewelry,Style,Theme,Metal,Main Stone,Pendant Shape,Certification,Color,Modified Item,Secondary Stone,Length (inches),Material,Main Stone Creation,Main Stone Treatment,Country/Region of Manufacture,Locket Type,California Prop 65 Warning,,,,,,,,,,,,,,,,,,,,,,,,,,,,,,,,,,,,,,,,,,,,,,,,,,,,,,
"Handbags, Wallets & Cases",Style,Material,Color,Size,Closure,Department,Occasion,Vintage,Features,Theme,Product Line,Accents,Lining Material,Pattern,Character,Model,Fabric Type,Character Family,Country/Region of Manufacture,Hardware Material,Handle Style,Handmade,Hidden Compartment,Personalized,MPN,Bag Depth,Bag Height,Bag Width,California Prop 65 Warning,Manufacturer Color,Year of Manufacture,,,,,,,,,,,,,,,,,,,,,,,,,,,,,,,,,,,,,,,
Clothing,Style,Sleeve Length,Neckline,Pattern,Material,Color,Type,Occasion,Department,Fit,Vintage,Accents,Theme,Features,Product Line,Fabric Type,Character,Character Family,Closure,Collar Style,Sleeve Type,Country/Region of Manufacture,Season,Strap Type,Graphic Print,Handmade,Personalized,Garment Care,Hem Style,Model,California Prop 65 Warning,Manufacturer Color,MPN,Year of Manufacture,,,,,,,,,,,,,,,,,,,,,,,,,,,,,,,,,,,,
Party & Celebration,Brand,Theme,,,,,,,,,,,,,,,,,,,,,,,,,,,,,,,,,,,,,,,,,,,,,,,,,,,,,,,,,,,,,,,,,,,,
Hobbies & Creative Arts,Brand,Theme,Handmade,Shape,MPN,Type,Material/Finish,Custom Bundle,Features,Modified Item,Size,Country/Region of Manufacture,California Prop 65 Warning,,,,,,,,,,,,,,,,,,,,,,,,,,,,,,,,,,,,,,,,,,,,,,,,,,,,,,,,,
Event Tickets,Type,Section,Row,Event Time,,,,,,,,,,,,,,,,,,,,,,,,,,,,,,,,,,,,,,,,,,,,,,,,,,,,,,,,,,,,,,,,,,
Potty Training,Color,Gender,MPN,Theme,Character Family,Type,Custom Bundle,Model,Modified Item,Country/Region of Manufacture,California Prop 65 Warning,,,,,,,,,,,,,,,,,,,,,,,,,,,,,,,,,,,,,,,,,,,,,,,,,,,,,,,,,,,
Nursing & Feeding,MPN,Material,Support Type,Color,Modified Item,California Prop 65 Warning,Country/Region of Manufacture,Pattern,,,,,,,,,,,,,,,,,,,,,,,,,,,,,,,,,,,,,,,,,,,,,,,,,,,,,,,,,,,,,,
Diapering,Brand,Modified Item,Country/Region of Manufacture,California Prop 65 Warning,,,,,,,,,,,,,,,,,,,,,,,,,,,,,,,,,,,,,,,,,,,,,,,,,,,,,,,,,,,,,,,,,,
Baby Transport Accessories,Type,Features,Dog Size,Material,Gender,Custom Bundle,Model,MPN,Smart Home Protocol,Dog Breed,Modified Item,Smart Home Compatibility,Country/Region of Manufacture,California Prop 65 Warning,,,,,,,,,,,,,,,,,,,,,,,,,,,,,,,,,,,,,,,,,,,,,,,,,,,,,,,,
Baby Transport,Type,MPN,Color,Gender,Theme,Material,Features,Custom Bundle,Size,To Fit,Model,Modified Item,Character Family,Country/Region of Manufacture,California Prop 65 Warning,,,,,,,,,,,,,,,,,,,,,,,,,,,,,,,,,,,,,,,,,,,,,,,,,,,,,,,
Baby Toys & Activity Equipment,Gender,MPN,Theme,Character Family,Color,Recommended Age Range,Skills,Type,Custom Bundle,Model,Modified Item,Country/Region of Manufacture,California Prop 65 Warning,Age Level,,,,,,,,,,,,,,,,,,,,,,,,,,,,,,,,,,,,,,,,,,,,,,,,,,,,,,,,
Baby Health,Type,MPN,Color,Custom Bundle,Model,Modified Item,Country/Region of Manufacture,California Prop 65 Warning,,,,,,,,,,,,,,,,,,,,,,,,,,,,,,,,,,,,,,,,,,,,,,,,,,,,,,,,,,,,,,
Baby Gift Sets,Size,Brand,Season,Gender,Theme,Style,Occasion,Color,Material,Character,Sleeve Length,Type,Country/Region of Manufacture,California Prop 65 Warning,Department,Modified Item,MPN,Pattern,,,,,,,,,,,,,,,,,,,,,,,,,,,,,,,,,,,,,,,,,,,,,,,,,,,,
Baby Bathing,Size,Brand,Style,Gender,Color,Material,Theme,California Prop 65 Warning,Country/Region of Manufacture,Department,Modified Item,MPN,Pattern,,,,,,,,,,,,,,,,,,,,,,,,,,,,,,,,,,,,,,,,,,,,,,,,,,,,,,,,,
Work Safety Protective Gear,Brand,Model,MPN,Type,Department,Application,Glove Coating Material,Color,Number of Items,Size,Material,Custom Bundle,Bundle Description,Country/Region of Manufacture,Expiration Date,Style,Manufacturer Color,Manufacturer Warranty,Item Width,Item Length,Item Height,Item Diameter,California Prop 65 Warning,Item Weight,,,,,,,,,,,,,,,,,,,,,,,,,,,,,,,,,,,,,,,,,,,,,,
Signage,Type,Brand,Model,Flutter Flag Style,Material,Color,Features,Custom Bundle,Modified Item,Height,Illumination Type,Industry,Placement Style,Poster Size,Sign Style,Surface Material,Width,California Prop 65 Warning,Country/Region of Manufacture,,,,,,,,,,,,,,,,,,,,,,,,,,,,,,,,,,,,,,,,,,,,,,,,,,,
Science & Laboratory,Subject,Format,Educational Level,Type,Topic,Author,Special Attributes,Series,Language,Modified Item,Publication Year,Publisher,Country/Region of Manufacture,California Prop 65 Warning,,,,,,,,,,,,,,,,,,,,,,,,,,,,,,,,,,,,,,,,,,,,,,,,,,,,,,,,
Retail,Platform,Brand,MPN,Operating Systems,Language,Format,License Category,Min. Hard Drive Space,Operating System Edition,Min. Processor Speed,Packaging,Min. RAM,Modified Item,Model,California Prop 65 Warning,Country/Region of Manufacture,,,,,,,,,,,,,,,,,,,,,,,,,,,,,,,,,,,,,,,,,,,,,,,,,,,,,,
Piercing & Tattooing,MPN,Type,Color,Custom Bundle,Modified Item,California Prop 65 Warning,Country/Region of Manufacture,,,,,,,,,,,,,,,,,,,,,,,,,,,,,,,,,,,,,,,,,,,,,,,,,,,,,,,,,,,,,,,
Mining & Quarrying,Subjects,Format,Type,Topic,Author,Special Attributes,Title,Series,Language,Publication Year,Modified Item,Publisher,Age Level,Era,Country,Region,City,Country/Region of Manufacture,Regional Cuisine,Cookery Topic,California Prop 65 Warning,,,,,,,,,,,,,,,,,,,,,,,,,,,,,,,,,,,,,,,,,,,,,,,,,
Medical,Type,Size,Texture,Color,Gender,Custom Bundle,Intended Use,Material,Features,Modified Item,California Prop 65 Warning,Country/Region of Manufacture,,,,,,,,,,,,,,,,,,,,,,,,,,,,,,,,,,,,,,,,,,,,,,,,,,,,,,,,,,
Material Handling,Model,Forklift Part Type,Model Year,Compatible Equipment Type,Compatible Equipment Make,Custom Bundle,Modified Item,California Prop 65 Warning,Country/Region of Manufacture,,,,,,,,,,,,,,,,,,,,,,,,,,,,,,,,,,,,,,,,,,,,,,,,,,,,,,,,,,,,,
Manufacturing,Modified Item,Country/Region of Manufacture,California Prop 65 Warning,Autograph Authentication,Original/Reproduction,Signed by,,,,,,,,,,,,,,,,,,,,,,,,,,,,,,,,,,,,,,,,,,,,,,,,,,,,,,,,,,,,,,,,
Law Enforcement,Type,Sleeve Length,Fit,Pattern,Neckline,Department,Material,Vintage,Theme,Features,Country/Region of Manufacture,Character,Character Family,Product Line,Graphic Print,Accents,Fabric Type,Handmade,Personalized,Season,Model,Garment Care,Year of Manufacture,California Prop 65 Warning,Manufacturer Color,MPN,,,,,,,,,,,,,,,,,,,,,,,,,,,,,,,,,,,,,,,,,,,,
Industrial Storage Accessories,Model,Custom Bundle,Modified Item,California Prop 65 Warning,Country/Region of Manufacture,,,,,,,,,,,,,,,,,,,,,,,,,,,,,,,,,,,,,,,,,,,,,,,,,,,,,,,,,,,,,,,,,
Industrial Storage,Model,Custom Bundle,Modified Item,California Prop 65 Warning,Country/Region of Manufacture,,,,,,,,,,,,,,,,,,,,,,,,,,,,,,,,,,,,,,,,,,,,,,,,,,,,,,,,,,,,,,,,,
Hotel & Hospitality,Modified Item,Country/Region of Manufacture,California Prop 65 Warning,,,,,,,,,,,,,,,,,,,,,,,,,,,,,,,,,,,,,,,,,,,,,,,,,,,,,,,,,,,,,,,,,,,
Heavy Machinery,Brand,MPN,Compatible Equipment Type,Compatible Equipment Make,Model Year,Model,Custom Bundle,Modified Item,California Prop 65 Warning,Country/Region of Manufacture,,,,,,,,,,,,,,,,,,,,,,,,,,,,,,,,,,,,,,,,,,,,,,,,,,,,,,,,,,,,
Hairdressing & Cosmetology,Custom Bundle,Model,Modified Item,California Prop 65 Warning,Country/Region of Manufacture,,,,,,,,,,,,,,,,,,,,,,,,,,,,,,,,,,,,,,,,,,,,,,,,,,,,,,,,,,,,,,,,,
Forestry & Logging,Brand,Type of Advertising,Date of Creation,Color,Original/Reproduction,Modified Item,Country/Region of Manufacture,California Prop 65 Warning,Date of Origin,,,,,,,,,,,,,,,,,,,,,,,,,,,,,,,,,,,,,,,,,,,,,,,,,,,,,,,,,,,,,
Food Service,Subject,Format,Educational Level,Type,Topic,Author,Special Attributes,Series,Language,Modified Item,Publication Year,Publisher,Country/Region of Manufacture,California Prop 65 Warning,,,,,,,,,,,,,,,,,,,,,,,,,,,,,,,,,,,,,,,,,,,,,,,,,,,,,,,,
Finance & Insurance,Subjects,Format,Type,Topic,Author,Special Attributes,Title,Series,Language,Publication Year,Modified Item,Publisher,Age Level,Era,Country,Region,City,Country/Region of Manufacture,Regional Cuisine,Cookery Topic,California Prop 65 Warning,,,,,,,,,,,,,,,,,,,,,,,,,,,,,,,,,,,,,,,,,,,,,,,,,
Film & Television,Original/Reprint,Listed By,Date of Creation,Photo Type,Color,Framing,Size Type/Largest Dimension,Region of Origin,Modified Item,Country/Region of Manufacture,California Prop 65 Warning,,,,,,,,,,,,,,,,,,,,,,,,,,,,,,,,,,,,,,,,,,,,,,,,,,,,,,,,,,,
Dentistry,Model,Intended Use/Discipline,Custom Bundle,Modified Item,Expiration Date,California Prop 65 Warning,Country/Region of Manufacture,,,,,,,,,,,,,,,,,,,,,,,,,,,,,,,,,,,,,,,,,,,,,,,,,,,,,,,,,,,,,,,
Construction,Hard Hat ANSI Class,Custom Bundle,Hat Suspension,Hat Color,Modified Item,California Prop 65 Warning,Country/Region of Manufacture,Model,,,,,,,,,,,,,,,,,,,,,,,,,,,,,,,,,,,,,,,,,,,,,,,,,,,,,,,,,,,,,,
Automation Control Components,Model,Controller Platform,Type,Custom Bundle,Modified Item,Expiration Date,California Prop 65 Warning,Country/Region of Manufacture,,,,,,,,,,,,,,,,,,,,,,,,,,,,,,,,,,,,,,,,,,,,,,,,,,,,,,,,,,,,,,
Agriculture,Subject,Topic,Original/Facsimile,Binding,Publisher,Special Attributes,Place of Publication,Author,Character Family,Modified Item,Region,Language,Illustrator,Country/Region of Manufacture,California Prop 65 Warning,,,,,,,,,,,,,,,,,,,,,,,,,,,,,,,,,,,,,,,,,,,,,,,,,,,,,,,
Advertising & Marketing,,,,,,,,,,,,,,,,,,,,,,,,,,,,,,,,,,,,,,,,,,,,,,,,,,,,,,,,,,,,,,,,,,,,,,
Photography,Max. Width,Type,Max. Height,Model,Style,Color,Size,Material,Custom Bundle,Features,Dimensions,Modified Item,Weight,Country/Region of Manufacture,California Prop 65 Warning,,,,,,,,,,,,,,,,,,,,,,,,,,,,,,,,,,,,,,,,,,,,,,,,,,,,,,,
Optics,Model,Reticle,Maximum Magnification,Lens Diameter,Color,Custom Bundle,Modified Item,Country/Region of Manufacture,California Prop 65 Warning,,,,,,,,,,,,,,,,,,,,,,,,,,,,,,,,,,,,,,,,,,,,,,,,,,,,,,,,,,,,,
Cameras,Type,Series,Model,Megapixels,Optical Zoom,Features,Manufacturer Color,Color,Custom Bundle,Connectivity,Modified Item,Battery Type,Manufacturer Warranty,Dimensions,Screen Size,Digital Zoom,Weight,Country/Region of Manufacture,California Prop 65 Warning,,,,,,,,,,,,,,,,,,,,,,,,,,,,,,,,,,,,,,,,,,,,,,,,,,,
Camera & Optic Accessories,Type,Sleeve Length,Fit,Pattern,Neckline,Department,Material,Vintage,Theme,Features,Country/Region of Manufacture,Character,Character Family,Product Line,Graphic Print,Accents,Fabric Type,Handmade,Personalized,Season,Model,Garment Care,Year of Manufacture,California Prop 65 Warning,Manufacturer Color,MPN,,,,,,,,,,,,,,,,,,,,,,,,,,,,,,,,,,,,,,,,,,,,
Video Game Consoles,Region Code,Color,Type,Storage Capacity,Connectivity,MPN,Year of Manufacture,Features,Country/Region of Manufacture,Resolution,Manufacturer Color,California Prop 65 Warning,Custom Bundle,Manufacturer Warranty,,,,,,,,,,,,,,,,,,,,,,,,,,,,,,,,,,,,,,,,,,,,,,,,,,,,,,,,
Video Game Console Accessories,Region Code,Color,Type,Storage Capacity,Connectivity,MPN,Year of Manufacture,Features,Country/Region of Manufacture,Resolution,Manufacturer Color,California Prop 65 Warning,Custom Bundle,Manufacturer Warranty,,,,,,,,,,,,,,,,,,,,,,,,,,,,,,,,,,,,,,,,,,,,,,,,,,,,,,,,
Video,Type,Number of Channels,Model,Hard Drive Capacity,Features,Application,Custom Bundle,Resolution,Modified Item,Country/Region of Manufacture,California Prop 65 Warning,,,,,,,,,,,,,,,,,,,,,,,,,,,,,,,,,,,,,,,,,,,,,,,,,,,,,,,,,,,
Toll Collection Devices,Warranty,Custom Bundle,Modified Item,Non-Domestic Product,California Prop 65 Warning,Country/Region of Manufacture,,,,,,,,,,,,,,,,,,,,,,,,,,,,,,,,,,,,,,,,,,,,,,,,,,,,,,,,,,,,,,,,
Speed Radars,Type,Custom Bundle,Modified Item,Country/Region of Manufacture,California Prop 65 Warning,,,,,,,,,,,,,,,,,,,,,,,,,,,,,,,,,,,,,,,,,,,,,,,,,,,,,,,,,,,,,,,,,
Radar Detectors,Alert Type,Model,Detection,Features,Custom Bundle,Modified Item,Country/Region of Manufacture,California Prop 65 Warning,,,,,,,,,,,,,,,,,,,,,,,,,,,,,,,,,,,,,,,,,,,,,,,,,,,,,,,,,,,,,,
"Print, Copy, Scan & Fax",Technology,Product Line,Model,Printer Type,Output Type,Black Print Speed,Connectivity,Custom Bundle,Memory,Max. Resolution,Modified Item,Supported Printing Sizes,Features,California Prop 65 Warning,Country/Region of Manufacture,,,,,,,,,,,,,,,,,,,,,,,,,,,,,,,,,,,,,,,,,,,,,,,,,,,,,,,
Networking,Subject,Format,Educational Level,Type,Topic,Author,Special Attributes,Series,Language,Modified Item,Publication Year,Publisher,Country/Region of Manufacture,California Prop 65 Warning,,,,,,,,,,,,,,,,,,,,,,,,,,,,,,,,,,,,,,,,,,,,,,,,,,,,,,,,
Marine Electronics,Warranty,Custom Bundle,Modified Item,Non-Domestic Product,California Prop 65 Warning,Country/Region of Manufacture,,,,,,,,,,,,,,,,,,,,,,,,,,,,,,,,,,,,,,,,,,,,,,,,,,,,,,,,,,,,,,,,
GPS Tracking Devices,Model,Custom Bundle,Modified Item,Country/Region of Manufacture,California Prop 65 Warning,,,,,,,,,,,,,,,,,,,,,,,,,,,,,,,,,,,,,,,,,,,,,,,,,,,,,,,,,,,,,,,,,
GPS Navigation Systems,Type,Model,Features,Screen Size,Unit Size,Custom Bundle,Modified Item,Country/Region of Manufacture,California Prop 65 Warning,,,,,,,,,,,,,,,,,,,,,,,,,,,,,,,,,,,,,,,,,,,,,,,,,,,,,,,,,,,,,
GPS Accessories,Type,Model,Features,Screen Size,Unit Size,Custom Bundle,Modified Item,Country/Region of Manufacture,California Prop 65 Warning,,,,,,,,,,,,,,,,,,,,,,,,,,,,,,,,,,,,,,,,,,,,,,,,,,,,,,,,,,,,,
Electronics Accessories,Features,Material,Number of Items in Set,MPN,Capacity,Color,Original/Reproduction,Size,Personalized,Model,Pattern,Custom Bundle,Item Depth,Item Height,Item Length,Item Weight,Item Width,Number in Pack,California Prop 65 Warning,Number of Compartments,Shape,Country/Region of Manufacture,Theme,,,,,,,,,,,,,,,,,,,,,,,,,,,,,,,,,,,,,,,,,,,,,,,
Computers,Model,Hard Drive Capacity,SSD Capacity,Memory,Most Suitable For,Screen Size,Form Factor,Storage Type,Custom Bundle,Manufacturer warranty,Processor Type,Modified Item,Processor Speed,Graphics Processing Type,Operating System,Operating System Edition,Hardware Connectivity,Features,California Prop 65 Warning,Country/Region of Manufacture,,,,,,,,,,,,,,,,,,,,,,,,,,,,,,,,,,,,,,,,,,,,,,,,,,
Components,Type,Model,Speaker Size,RMS Power,Custom Bundle,Modified Item,Country/Region of Manufacture,California Prop 65 Warning,,,,,,,,,,,,,,,,,,,,,,,,,,,,,,,,,,,,,,,,,,,,,,,,,,,,,,,,,,,,,,
Communications,Subject,Format,Educational Level,Type,Topic,Author,Special Attributes,Series,Language,Modified Item,Publication Year,Publisher,Country/Region of Manufacture,California Prop 65 Warning,,,,,,,,,,,,,,,,,,,,,,,,,,,,,,,,,,,,,,,,,,,,,,,,,,,,,,,,
Circuit Boards & Components,Brand/Mint,Type,Fineness,Year,Modified Item,Total Precious Metal Content,Country/Region of Manufacture,California Prop 65 Warning,,,,,,,,,,,,,,,,,,,,,,,,,,,,,,,,,,,,,,,,,,,,,,,,,,,,,,,,,,,,,,
Audio,Model,Type,Connection Split/Duplication,Connector A,Connector B,Cable Length,Gauge,Custom Bundle,Features,Modified Item,Country/Region of Manufacture,California Prop 65 Warning,,,,,,,,,,,,,,,,,,,,,,,,,,,,,,,,,,,,,,,,,,,,,,,,,,,,,,,,,,
Arcade Equipment,Brand,Year,California Prop 65 Warning,Country/Region of Manufacture,Game Title,Modified Item,,,,,,,,,,,,,,,,,,,,,,,,,,,,,,,,,,,,,,,,,,,,,,,,,,,,,,,,,,,,,,,,
Tobacco Products,Circulated/Uncirculated,Modified Item,Country/Region of Manufacture,California Prop 65 Warning,,,,,,,,,,,,,,,,,,,,,,,,,,,,,,,,,,,,,,,,,,,,,,,,,,,,,,,,,,,,,,,,,,
Food Items,MPN,Food Specifications,Expiration Date,Allergens,Calories per Serving,Number of Servings,Serving Size,Labels & Certifications,Product Line,Style,Type,Regional Cuisine,Modified Item,Food Aisle,California Prop 65 Warning,Country/Region of Manufacture,,,,,,,,,,,,,,,,,,,,,,,,,,,,,,,,,,,,,,,,,,,,,,,,,,,,,,
Beverages,Modified Item,Country/Region of Manufacture,California Prop 65 Warning,Brand,Color,Volume,,,,,,,,,,,,,,,,,,,,,,,,,,,,,,,,,,,,,,,,,,,,,,,,,,,,,,,,,,,,,,,,
Tables,MPN,Model,Product Line,Handle Material,Assembly Required,Additional Parts Required,Department,Item Weight,Maximum Length,Shape,Features,Seating Capacity,Room,Finish,Pattern,Theme,Character,Character Family,Personalized,Packaging,Tabletop Thickness,Number of Drawers,Handle Type,Time Period Manufactured,Handle Finish,Year Manufactured,Required Tools,Style,Care Instructions,Manufacturer Warranty,Custom Bundle,Original/Reproduction,California Prop 65 Warning,Country/Region of Manufacture,,,,,,,,,,,,,,,,,,,,,,,,,,,,,,,,,,,,
Table Accessories,Modified Item,Country/Region of Manufacture,California Prop 65 Warning,,,,,,,,,,,,,,,,,,,,,,,,,,,,,,,,,,,,,,,,,,,,,,,,,,,,,,,,,,,,,,,,,,,
Sofas,MPN,Pattern,Model,Item Height,Assembly Required,Item Length,Item Width,Department,Item Weight,Additional Parts Required,Product Line,Room,Upholstery Fabric,Features,Firmness,Original/Reproduction,Style,Custom Bundle,Care Instructions,Modified Item,Character,Character Family,Manufacturer Warranty,Armrest Height,Fill Material,Backrest Height,Distance from Floor to Bottom,Theme,Maximum Armrest Height,Maximum Backrest Height,Year Manufactured,Maximum Height,Maximum Length,Number of Items in Suite,Maximum Seat Height,Maximum Weight Capacity,California Prop 65 Warning,Maximum Width,Minimum Armrest Height,Minimum Backrest Height,Minimum Height,Minimum Length,Minimum Seat Height,Minimum Width,Packaging,Required Tools,Seat Height,Seat Depth,Time Period Manufactured,Seating Capacity,Country/Region of Manufacture,,,,,,,,,,,,,,,,,,,
Sofa Accessories,MPN,Compatible Brand,Compatible Model,Model,Suitable For,Item Height,Item Length,Item Weight,Item Width,Product Line,Room,Era,Upholstery Fabric,Features,Pattern,Original/Reproduction,Style,Custom Bundle,Modified Item,Manufacturer Warranty,Care Instructions,California Prop 65 Warning,Country/Region of Manufacture,Theme,,,,,,,,,,,,,,,,,,,,,,,,,,,,,,,,,,,,,,,,,,,,,,
Shelving Accessories,Model,Custom Bundle,Modified Item,California Prop 65 Warning,Country/Region of Manufacture,,,,,,,,,,,,,,,,,,,,,,,,,,,,,,,,,,,,,,,,,,,,,,,,,,,,,,,,,,,,,,,,,
Shelving,Material,Mounting,MPN,Color,Style,Original/Reproduction,Personalized,Custom Bundle,Modified Item,Item Height,Item Length,Item Weight,Item Width,California Prop 65 Warning,Country/Region of Manufacture,,,,,,,,,,,,,,,,,,,,,,,,,,,,,,,,,,,,,,,,,,,,,,,,,,,,,,,
Room Dividers,MPN,Material,Color,Style,Model,Pattern,Features,Additional Parts Required,Theme,Custom Bundle,Care Instructions,Character,Item Height,Item Length,Item Weight,Item Width,Personalized,Product Line,California Prop 65 Warning,Customized,Character Family,Mounting,Country/Region of Manufacture,,,,,,,,,,,,,,,,,,,,,,,,,,,,,,,,,,,,,,,,,,,,,,,
Room Divider Accessories,MPN,Material,Color,Style,Model,Pattern,Features,Additional Parts Required,Theme,Custom Bundle,Care Instructions,Character,Item Height,Item Length,Item Weight,Item Width,Personalized,Product Line,California Prop 65 Warning,Customized,Character Family,Mounting,Country/Region of Manufacture,,,,,,,,,,,,,,,,,,,,,,,,,,,,,,,,,,,,,,,,,,,,,,,
Outdoor Furniture Accessories,Type,Features,MPN,Scale,Material,Room,Custom Bundle,Modified Item,Country/Region of Manufacture,California Prop 65 Warning,,,,,,,,,,,,,,,,,,,,,,,,,,,,,,,,,,,,,,,,,,,,,,,,,,,,,,,,,,,,
Outdoor Furniture,Type,Material,Seating Capacity,Style,Color,Features,Frame Material,Model,Custom Bundle,Modified Item,California Prop 65 Warning,Country/Region of Manufacture,,,,,,,,,,,,,,,,,,,,,,,,,,,,,,,,,,,,,,,,,,,,,,,,,,,,,,,,,,
Ottomans,MPN,Pattern,Style,Model,Additional Parts Required,Assembly Required,Product Line,Department,Item Weight,Room,Material,Upholstery Fabric,Color,Features,Custom Bundle,Modified Item,Care Instructions,Character,Character Family,Distance from Floor to Bottom,Fill Material,Firmness,California Prop 65 Warning,Manufacturer Warranty,Maximum Height,Maximum Weight Capacity,Minimum Height,Original/Reproduction,Packaging,Required Tools,Shape,Theme,Time Period Manufactured,Year Manufactured,Country/Region of Manufacture,,,,,,,,,,,,,,,,,,,,,,,,,,,,,,,,,,,
Office Furniture Accessories,Model,Shape,Width,Custom Bundle,Modified Item,Type,California Prop 65 Warning,Country/Region of Manufacture,,,,,,,,,,,,,,,,,,,,,,,,,,,,,,,,,,,,,,,,,,,,,,,,,,,,,,,,,,,,,,
Office Furniture,Model,Shape,Width,Custom Bundle,Modified Item,Type,California Prop 65 Warning,Country/Region of Manufacture,,,,,,,,,,,,,,,,,,,,,,,,,,,,,,,,,,,,,,,,,,,,,,,,,,,,,,,,,,,,,,
Futons,Model,MPN,Item Height,Pattern,Department,Assembly Required,Item Weight,Additional Parts Required,Product Line,Original/Reproduction,Features,Style,Character,Custom Bundle,Character Family,Fill Material,Modified Item,Firmness,Room,Manufacturer Warranty,Care Instructions,Armrest Height,Theme,Backrest Height,Year Manufactured,Distance from Floor to Bottom,Maximum Armrest Height,Maximum Backrest Height,Maximum Height,Maximum Length,Maximum Seat Height,Maximum Weight Capacity,California Prop 65 Warning,Maximum Width,Minimum Armrest Height,Minimum Backrest Height,Upholstery Fabric,Minimum Height,Seating Capacity,Minimum Length,Minimum Seat Height,Minimum Width,Packaging,Required Tools,Seat Height,Time Period Manufactured,Seat Depth,Country/Region of Manufacture,,,,,,,,,,,,,,,,,,,,,,
Futon Pads,MPN,Type,Gender,Age Group,Vintage (Y/N),Cut/Uncut,Features,Modified Item,Country/Region of Manufacture,California Prop 65 Warning,,,,,,,,,,,,,,,,,,,,,,,,,,,,,,,,,,,,,,,,,,,,,,,,,,,,,,,,,,,,
Futon Frames,Model,MPN,Item Height,Pattern,Department,Assembly Required,Item Weight,Additional Parts Required,Product Line,Original/Reproduction,Features,Style,Character,Custom Bundle,Character Family,Fill Material,Modified Item,Firmness,Room,Manufacturer Warranty,Care Instructions,Armrest Height,Theme,Backrest Height,Year Manufactured,Distance from Floor to Bottom,Maximum Armrest Height,Maximum Backrest Height,Maximum Height,Maximum Length,Maximum Seat Height,Maximum Weight Capacity,California Prop 65 Warning,Maximum Width,Minimum Armrest Height,Minimum Backrest Height,Upholstery Fabric,Minimum Height,Seating Capacity,Minimum Length,Minimum Seat Height,Minimum Width,Packaging,Required Tools,Seat Height,Time Period Manufactured,Seat Depth,Country/Region of Manufacture,,,,,,,,,,,,,,,,,,,,,,
Furniture Sets,MPN,Pattern,Model,Item Height,Assembly Required,Item Length,Item Width,Department,Item Weight,Additional Parts Required,Product Line,Room,Upholstery Fabric,Features,Firmness,Original/Reproduction,Style,Custom Bundle,Care Instructions,Modified Item,Character,Character Family,Manufacturer Warranty,Armrest Height,Fill Material,Backrest Height,Distance from Floor to Bottom,Theme,Maximum Armrest Height,Maximum Backrest Height,Year Manufactured,Maximum Height,Maximum Length,Number of Items in Suite,Maximum Seat Height,Maximum Weight Capacity,California Prop 65 Warning,Maximum Width,Minimum Armrest Height,Minimum Backrest Height,Minimum Height,Minimum Length,Minimum Seat Height,Minimum Width,Packaging,Required Tools,Seat Height,Seat Depth,Time Period Manufactured,Seating Capacity,Country/Region of Manufacture,,,,,,,,,,,,,,,,,,,
Entertainment Centers & TV Stands,Material,MPN,Model,Item Depth,Additional Parts Required,Assembly Required,Item Weight,Product Line,Department,Maximum TV Screen Size,Room,Care Instructions,Pattern,Style,Custom Bundle,Features,Modified Item,CD/DVD Capacity,Maximum Length,Door Mechanism,Maximum Weight Capacity,Finish,Maximum Width,Handle Finish,Minimum Height,Handle Material,Minimum Length,California Prop 65 Warning,Handle Type,Minimum Width,Manufacturer Warranty,Distance from Floor to Bottom,Tabletop Thickness,Minimum TV Screen Size,Mounting,Number of Doors,Number of Drawers,Number of Shelves,Original/Reproduction,Required Tools,Shape,Theme,Year Manufactured,Country/Region of Manufacture,,,,,,,,,,,,,,,,,,,,,,,,,,
Chairs,Model,MPN,Style,Department,Additional Parts Required,Assembly Required,Item Weight,Product Line,Room,Color,Pattern,Custom Bundle,Modified Item,Upholstery Fabric,Features,Number of Items in Set,Theme,Character,Character Family,Firmness,Finish,Required Tools,Manufacturer Warranty,Original/Reproduction,Shape,Set Includes,Care Instructions,Packaging,Armrest Height,Backrest Height,Maximum Armrest Height,Maximum Backrest Height,Minimum Armrest Height,Minimum Backrest Height,Maximum Height,Maximum Length,Maximum Weight Capacity,Maximum Width,Minimum Height,Minimum Length,Minimum Width,Maximum Seat Height,Minimum Seat Height,Seat Depth,Time Period Manufactured,Seat Height,Distance from Floor to Bottom,Year Manufactured,California Prop 65 Warning,Country/Region of Manufacture,,,,,,,,,,,,,,,,,,,,
Chair Accessories,Clothing Type,Type,MPN,Features,Doll Gender,Material,Doll Size,Packaging,Ethnicity,Custom Bundle,Character,Modified Item,Collection,Recommended Age Range,Clothing Style,Sport,Country/Region of Manufacture,Animal Type,California Prop 65 Warning,,,,,,,,,,,,,,,,,,,,,,,,,,,,,,,,,,,,,,,,,,,,,,,,,,,
Carts & Islands,Brand,Type,Countertop Material,Base Material,Item Height,Item Length,Item Width,Color,Required Tools,Finish,MPN,California Prop 65 Warning,Item Weight,Item Height (Interior),Item Length (Interior),Item Width (Interior),Style,Assembly Required,Manufacturer Color,Country/Region of Manufacture,Features,Care Instructions,Countertop Thickness,Distance from Floor to Bottom,Manufacturer Warranty,Model,Number of Drawers,Number of Shelves,Original/Reproduction,Personalized,Product Line,Time Period Manufactured,Year Manufactured,,,,,,,,,,,,,,,,,,,,,,,,,,,,,,,,,,,,,
Cabinets & Storage,MPN,Department,Mounting,Model,Item Height (Interior),Item Length (Interior),Item Weight,Item Width (Interior),Number of Shelves,Additional Parts Required,Assembly Required,Product Line,Character,Character Family,Theme,For,Pattern,Shape,Finish,Room,Door Mechanism,Style,Custom Bundle,Features,Modified Item,Distance from Floor to Bottom,Year Manufactured,Manufacturer Warranty,Maximum Weight Capacity,Maximum Weight per Shelf,Number of Doors,Number of Drawers,Care Instructions,Handle Finish,Handle Material,Handle Type,Packaging,Time Period Manufactured,California Prop 65 Warning,Required Tools,Country/Region of Manufacture,Original/Reproduction,,,,,,,,,,,,,,,,,,,,,,,,,,,,
Benches,Product Line,Model,MPN,Style,Item Weight,Department,Additional Parts Required,Assembly Required,Room,Color,Pattern,Custom Bundle,Modified Item,Features,Seating Capacity,Upholstery Fabric,Character,Character Family,Theme,Manufacturer Warranty,Shape,Set Includes,Care Instructions,Packaging,Required Tools,Original/Reproduction,Armrest Height,Backrest Height,Maximum Armrest Height,Maximum Backrest Height,Minimum Armrest Height,Minimum Backrest Height,Finish,Firmness,Number of Items in Set,Maximum Height,Maximum Length,Maximum Weight Capacity,Maximum Width,Minimum Height,Minimum Length,Minimum Width,Maximum Seat Height,Minimum Seat Height,Seat Depth,Time Period Manufactured,Seat Height,Distance from Floor to Bottom,Year Manufactured,California Prop 65 Warning,Country/Region of Manufacture,,,,,,,,,,,,,,,,,,,
Beds & Accessories,MPN,Type,Gender,Age Group,Vintage (Y/N),Cut/Uncut,Features,Modified Item,Country/Region of Manufacture,California Prop 65 Warning,,,,,,,,,,,,,,,,,,,,,,,,,,,,,,,,,,,,,,,,,,,,,,,,,,,,,,,,,,,,
Baby & Toddler Furniture,Gender,Color,Theme,Custom Bundle,Model,Modified Item,California Prop 65 Warning,Country/Region of Manufacture,,,,,,,,,,,,,,,,,,,,,,,,,,,,,,,,,,,,,,,,,,,,,,,,,,,,,,,,,,,,,,
Tools,Brand,Model,MPN,Type,Application,Material,Manufacturer Warranty,Suitable For,Number of Items in Set,Package Quantity,Color,Manufacturer Color,Custom Bundle,Bundle Description,Item Width,Item Length,Item Height,Item Diameter,Item Depth,Country/Region of Manufacture,California Prop 65 Warning,Item Weight,,,,,,,,,,,,,,,,,,,,,,,,,,,,,,,,,,,,,,,,,,,,,,,,
Tool Accessories,Brand,Model,MPN,Type,Battery Included,Battery Technology,Number of Batteries,Power Source,Voltage,Chuck Size,Chuck Type,Number of Pieces,Features,Maximum Speed,Minimum Speed,Motor Type,Manufacturer Warranty,Color,Manufacturer Color,Custom Bundle,Bundle Description,Item Width,Item Length,Item Height,Item Diameter,Country/Region of Manufacture,California Prop 65 Warning,Item Weight,,,,,,,,,,,,,,,,,,,,,,,,,,,,,,,,,,,,,,,,,,
Storage Tanks,Model,Custom Bundle,Modified Item,California Prop 65 Warning,Country/Region of Manufacture,,,,,,,,,,,,,,,,,,,,,,,,,,,,,,,,,,,,,,,,,,,,,,,,,,,,,,,,,,,,,,,,,
Small Engines,Subject,Format,Educational Level,Type,Topic,Author,Special Attributes,Series,Language,Modified Item,Publication Year,Publisher,Country/Region of Manufacture,California Prop 65 Warning,,,,,,,,,,,,,,,,,,,,,,,,,,,,,,,,,,,,,,,,,,,,,,,,,,,,,,,,
Power & Electrical Supplies,Warranty,Custom Bundle,Modified Item,Non-Domestic Product,California Prop 65 Warning,Country/Region of Manufacture,,,,,,,,,,,,,,,,,,,,,,,,,,,,,,,,,,,,,,,,,,,,,,,,,,,,,,,,,,,,,,,,
Plumbing,Model,Type,Tool Type,Custom Bundle,Modified Item,California Prop 65 Warning,Country/Region of Manufacture,,,,,,,,,,,,,,,,,,,,,,,,,,,,,,,,,,,,,,,,,,,,,,,,,,,,,,,,,,,,,,,
Locks & Keys,Modified Item,Country/Region of Manufacture,California Prop 65 Warning,,,,,,,,,,,,,,,,,,,,,,,,,,,,,,,,,,,,,,,,,,,,,,,,,,,,,,,,,,,,,,,,,,,
"Heating, Ventilation & Air Conditioning",Subjects,Format,Type,Topic,Author,Special Attributes,Title,Series,Language,Publication Year,Modified Item,Publisher,Age Level,Era,Country,Region,City,Country/Region of Manufacture,Regional Cuisine,Cookery Topic,California Prop 65 Warning,,,,,,,,,,,,,,,,,,,,,,,,,,,,,,,,,,,,,,,,,,,,,,,,,
Hardware Pumps,US Shoe Size (Women's),Upper Material,Model,Shoe Width,Toe Shape,Type,Department,Vintage,Theme,Pattern,Features,Heel Style,Occasion,Character,Accents,Insole Material,Fabric Type,Outsole Material,Lining Material,Closure,Product Line,Country/Region of Manufacture,Character Family,Customized,Handmade,Season,Personalized,MPN,Year of Manufacture,California Prop 65 Warning,Cushioning Level,EUR Shoe Size (Women's),Heel to Toe Drop,Manufacturer Color,Platform Height,UK Shoe Size (Women's),,,,,,,,,,,,,,,,,,,,,,,,,,,,,,,,,,
Hardware Accessories,Style,Color,Theme,Model,Custom Bundle,MPN,Modified Item,California Prop 65 Warning,Country/Region of Manufacture,,,,,,,,,,,,,,,,,,,,,,,,,,,,,,,,,,,,,,,,,,,,,,,,,,,,,,,,,,,,,
Fuel Containers & Tanks,Warranty,Custom Bundle,Modified Item,Non-Domestic Product,California Prop 65 Warning,Country/Region of Manufacture,,,,,,,,,,,,,,,,,,,,,,,,,,,,,,,,,,,,,,,,,,,,,,,,,,,,,,,,,,,,,,,,
Fencing & Barriers,Character Family,Type,Size,Age Level,Recommended Age Range,Packaging,Features,Custom Bundle,Year,Material,Convention,Modified Item,Ship Type,Accessory Type,MPN,Character,Scale,Vehicle Type,California Prop 65 Warning,Country/Region of Manufacture,,,,,,,,,,,,,,,,,,,,,,,,,,,,,,,,,,,,,,,,,,,,,,,,,,
Building Materials,Model,Custom Bundle,Modified Item,California Prop 65 Warning,Country/Region of Manufacture,,,,,,,,,,,,,,,,,,,,,,,,,,,,,,,,,,,,,,,,,,,,,,,,,,,,,,,,,,,,,,,,,
Building Consumables,Item Type,Input Amperage,Custom Bundle,Modified Item,California Prop 65 Warning,Country/Region of Manufacture,,,,,,,,,,,,,,,,,,,,,,,,,,,,,,,,,,,,,,,,,,,,,,,,,,,,,,,,,,,,,,,,
Personal Care,Brand,Size Type,Gender,Scent,Custom Bundle,MPN,Modified Item,California Prop 65 Warning,Country/Region of Manufacture,,,,,,,,,,,,,,,,,,,,,,,,,,,,,,,,,,,,,,,,,,,,,,,,,,,,,,,,,,,,,
Jewelry Cleaning & Care,Modified Item,Country/Region of Manufacture,California Prop 65 Warning,,,,,,,,,,,,,,,,,,,,,,,,,,,,,,,,,,,,,,,,,,,,,,,,,,,,,,,,,,,,,,,,,,,
Health Care,Model,MPN,Type,Custom Bundle,Expiration Date,Modified Item,California Prop 65 Warning,Country/Region of Manufacture,,,,,,,,,,,,,,,,,,,,,,,,,,,,,,,,,,,,,,,,,,,,,,,,,,,,,,,,,,,,,,
Wood Stoves,Model,Color,Power Source,Type,Material,Mounting Style,BTU Heating Rating,Heating Wattage,Custom Bundle,Decorative Style,Features,Modified Item,Recommended Environment,Smart Home Compatibility,Smart Home Protocol,Depth,Width,Height,California Prop 65 Warning,Country/Region of Manufacture,,,,,,,,,,,,,,,,,,,,,,,,,,,,,,,,,,,,,,,,,,,,,,,,,,
Umbrella Sleeves & Cases,MPN,Style,Color,Theme,Features,Modified Item,California Prop 65 Warning,Country/Region of Manufacture,,,,,,,,,,,,,,,,,,,,,,,,,,,,,,,,,,,,,,,,,,,,,,,,,,,,,,,,,,,,,,
Smoking Accessories,Brand,Color,Handmade,Body Shape,Filter Size,Modified Item,Country/Region of Manufacture,California Prop 65 Warning,,,,,,,,,,,,,,,,,,,,,,,,,,,,,,,,,,,,,,,,,,,,,,,,,,,,,,,,,,,,,,
Pool & Spa,Type,Pool Type,Speed,Style,Horsepower,Custom Bundle,Modified Item,California Prop 65 Warning,Model,Country/Region of Manufacture,,,,,,,,,,,,,,,,,,,,,,,,,,,,,,,,,,,,,,,,,,,,,,,,,,,,,,,,,,,,
Plants,Plant Type,Genus,Common Name,Style,Plant Characteristic,Plant Form,Brand,Climate,Sunlight,Custom Bundle,Foliage,Season of Interest,Modified Item,Soil Type,USDA Hardiness Zone (Â°F),Watering,Aspect,Soil pH,California Prop 65 Warning,Country/Region of Manufacture,,,,,,,,,,,,,,,,,,,,,,,,,,,,,,,,,,,,,,,,,,,,,,,,,,
Lighting Accessories,Interchange Part Number,Other Part Number,Placement on Vehicle,Warranty,Custom Bundle,Fitment Type,Bulb Color,Modified Item,Type,Non-Domestic Product,Ballast Included,Number of Bulbs,Bulb Size,Color Temperature,Wattage,Voltage,To Fit,California Prop 65 Warning,Country/Region of Manufacture,Superseded Part Number,,,,,,,,,,,,,,,,,,,,,,,,,,,,,,,,,,,,,,,,,,,,,,,,,,
Lighting,MPN,Color,Power Source,Power Consumption,Amperage,Voltage,Department,Light Color,Installation Area,IP Rating,LED String/Strip Type,Lighting Technology,Lumens,Material,Style,Item Diameter,Custom Bundle,Model,Finish,Modified Item,Energy Star,Era,Features,Assembly Required,Product Line,Labels & Certifications,LED Chip Code,Light Direction,California Prop 65 Warning,Manufacturer,Number of Lights,Occasion,Output Voltage,Room,Sensor Type,Shade Shape,Color Temperature,Theme,Year Manufactured,Item Height,Item Length,Item Weight,Item Width,Manufacturer Warranty,Country/Region of Manufacture,,,,,,,,,,,,,,,,,,,,,,,,,
Lawn & Garden,Type,Power Source,Horsepower,Style,Length,SAE Viscosity,Model,Custom Bundle,Modified Item,California Prop 65 Warning,Country/Region of Manufacture,,,,,,,,,,,,,,,,,,,,,,,,,,,,,,,,,,,,,,,,,,,,,,,,,,,,,,,,,,,
Kitchen & Dining,Model,MPN,Additional Parts Required,Assembly Required,Product Line,Item Height,Item Length,Item Weight,Item Width,Compatible Model,Department,Room,Pattern,Shape,Style,Custom Bundle,Features,Modified Item,Armrest Height,Backrest Height,Compatible Brand,California Prop 65 Warning,Door Mechanism,Era,Finish,Handle Finish,Handle Material,Handle Type,Headboard Height,Item Diameter (Interior),Item Diameter,Item Height (Interior),Character Family,Item Length (Interior),Character,Bed Edge Drop Length,Item Width (Interior),Maximum Armrest Height,Maximum Backrest Height,Maximum Height,Maximum Length,Maximum Seat Height,Maximum Weight Capacity,Maximum Weight per Shelf,Maximum Width,Minimum Armrest Height,Minimum Backrest Height,Minimum Height,Minimum Length,Minimum Seat Height,Minimum Width,Mounting,Number of Doors,Number of Drawers,Bed Frame Drop Length,Number of Shelves,Original/Reproduction,Required Tools,Seat Depth,Seat Height,Seating Capacity,Care Instructions,Smart Home Compatibility,Smart Home Protocol,Tabletop Thickness,Theme,Year Manufactured,Distance from Floor to Bottom,Manufacturer Warranty,Country/Region of Manufacture
Household Supplies,MPN,For,Form,Scent,Features,Custom Bundle,Modified Item,California Prop 65 Warning,Country/Region of Manufacture,Number in Pack,Item Height,Item Length,Item Width,Labels & Certifications,,,,,,,,,,,,,,,,,,,,,,,,,,,,,,,,,,,,,,,,,,,,,,,,,,,,,,,,
Household Appliances,Brand,Modified Item,Country/Region of Manufacture,California Prop 65 Warning,,,,,,,,,,,,,,,,,,,,,,,,,,,,,,,,,,,,,,,,,,,,,,,,,,,,,,,,,,,,,,,,,,
"Flood, Fire & Gas Safety",City/Region,Type,Postage Condition,Era,Features,Modified Item,Country/Region of Manufacture,California Prop 65 Warning,,,,,,,,,,,,,,,,,,,,,,,,,,,,,,,,,,,,,,,,,,,,,,,,,,,,,,,,,,,,,,
Fireplace & Wood Stove Accessories,Part/Accessory Type,Style,Color,Model,Custom Bundle,Modified Item,California Prop 65 Warning,Country/Region of Manufacture,,,,,,,,,,,,,,,,,,,,,,,,,,,,,,,,,,,,,,,,,,,,,,,,,,,,,,,,,,,,,,
Fireplaces,Model,Color,Mounting Location,Power Source,Heating Technology,Area Heated,BTU Heating Rating,Custom Bundle,Decorative Style,Finish,Heating Wattage,Modified Item,Material,Features,Smart Home Compatibility,Smart Home Protocol,Ventilation System,Number of Heat Settings,Depth,Recommended Environment,Width,Height,California Prop 65 Warning,Country/Region of Manufacture,,,,,,,,,,,,,,,,,,,,,,,,,,,,,,,,,,,,,,,,,,,,,,
Emergency Preparedness,Unit of Sale,Year,Modified Item,California Prop 65 Warning,Country/Region of Manufacture,,,,,,,,,,,,,,,,,,,,,,,,,,,,,,,,,,,,,,,,,,,,,,,,,,,,,,,,,,,,,,,,,
Decor,MPN,Material,Color,Theme,Style,Subject,Pattern,Additional Parts Required,Custom Bundle,Shape,Features,Model,Size,Care Instructions,Item Height,Item Length,Item Weight,Item Width,Personalized,Product Line,California Prop 65 Warning,Customized,Character,Character Family,Suitable For,Country/Region of Manufacture,Design,,,,,,,,,,,,,,,,,,,,,,,,,,,,,,,,,,,,,,,,,,,
Business & Home Security,Connectivity,Model,Number of Cameras Included,Smart Home Protocol,Smart Home Compatibility,Features,Application,Custom Bundle,Modified Item,Country/Region of Manufacture,California Prop 65 Warning,,,,,,,,,,,,,,,,,,,,,,,,,,,,,,,,,,,,,,,,,,,,,,,,,,,,,,,,,,,
Bathroom Accessories,Style,Color,Theme,Model,Custom Bundle,MPN,Modified Item,California Prop 65 Warning,Country/Region of Manufacture,,,,,,,,,,,,,,,,,,,,,,,,,,,,,,,,,,,,,,,,,,,,,,,,,,,,,,,,,,,,,
Suitcases,Type,Size,Features,Color,Gender,Material,Pattern,Custom Bundle,MPN,Modified Item,Country/Region of Manufacture,,,,,,,,,,,,,,,,,,,,,,,,,,,,,,,,,,,,,,,,,,,,,,,,,,,,,,,,,,,
Messenger Bags,Style,Material,Size,Color,Department,Occasion,Closure,Vintage,Theme,Lining Material,Features,Product Line,Character,Fabric Type,Pattern,Country/Region of Manufacture,Character Family,Hardware Material,Handmade,Hidden Compartment,Personalized,Handle Style,Model,Bag Depth,Bag Height,Bag Width,California Prop 65 Warning,Manufacturer Color,MPN,Year of Manufacture,,,,,,,,,,,,,,,,,,,,,,,,,,,,,,,,,,,,,,,,
Luggage Accessories,Material,Custom Bundle,Modified Item,Country/Region of Manufacture,California Prop 65 Warning,MPN,,,,,,,,,,,,,,,,,,,,,,,,,,,,,,,,,,,,,,,,,,,,,,,,,,,,,,,,,,,,,,,,
Garment Bags,Type,Size,Features,Color,Gender,Material,Pattern,Custom Bundle,MPN,Modified Item,Country/Region of Manufacture,,,,,,,,,,,,,,,,,,,,,,,,,,,,,,,,,,,,,,,,,,,,,,,,,,,,,,,,,,,
Fanny Packs,Style,Material,Size,Color,Department,Occasion,Closure,Vintage,Theme,Lining Material,Features,Product Line,Character,Fabric Type,Pattern,Country/Region of Manufacture,Character Family,Hardware Material,Handmade,Hidden Compartment,Personalized,Handle Style,Model,Bag Depth,Bag Height,Bag Width,California Prop 65 Warning,Manufacturer Color,MPN,Year of Manufacture,,,,,,,,,,,,,,,,,,,,,,,,,,,,,,,,,,,,,,,,
Duffel Bags,Style,Material,Size,Color,Department,Occasion,Closure,Vintage,Theme,Lining Material,Features,Product Line,Character,Fabric Type,Pattern,Country/Region of Manufacture,Character Family,Hardware Material,Handmade,Hidden Compartment,Personalized,Handle Style,Model,Bag Depth,Bag Height,Bag Width,California Prop 65 Warning,Manufacturer Color,MPN,Year of Manufacture,,,,,,,,,,,,,,,,,,,,,,,,,,,,,,,,,,,,,,,,
Dry Boxes,Type,Custom Bundle,Modified Item,Country/Region of Manufacture,California Prop 65 Warning,Theme,,,,,,,,,,,,,,,,,,,,,,,,,,,,,,,,,,,,,,,,,,,,,,,,,,,,,,,,,,,,,,,,
Diaper Bags,Color,MPN,Material,Features,Type,Theme,Custom Bundle,Model,Size,Gender,Modified Item,Pattern,Look,Country/Region of Manufacture,California Prop 65 Warning,,,,,,,,,,,,,,,,,,,,,,,,,,,,,,,,,,,,,,,,,,,,,,,,,,,,,,,
Briefcases,Style,Material,Size,Color,Department,Occasion,Closure,Vintage,Theme,Lining Material,Features,Product Line,Character,Fabric Type,Pattern,Country/Region of Manufacture,Character Family,Hardware Material,Handmade,Hidden Compartment,Personalized,Handle Style,Model,Bag Depth,Bag Height,Bag Width,California Prop 65 Warning,Manufacturer Color,MPN,Year of Manufacture,,,,,,,,,,,,,,,,,,,,,,,,,,,,,,,,,,,,,,,,
Backpacks,Style,Material,Size,Color,Department,Occasion,Closure,Vintage,Theme,Lining Material,Features,Product Line,Character,Fabric Type,Pattern,Country/Region of Manufacture,Character Family,Hardware Material,Handmade,Hidden Compartment,Personalized,Handle Style,Model,Bag Depth,Bag Height,Bag Width,California Prop 65 Warning,Manufacturer Color,MPN,Year of Manufacture,,,,,,,,,,,,,,,,,,,,,,,,,,,,,,,,,,,,,,,,
Weapons,Subject,Publication Name,Issue Type,Month,Language,Special Attributes,Format,Subscription,Modified Item,Country/Region of Manufacture,California Prop 65 Warning,,,,,,,,,,,,,,,,,,,,,,,,,,,,,,,,,,,,,,,,,,,,,,,,,,,,,,,,,,,
Erotic,Brand,Format,Genre,Rating,Region Code,Edition,Director,Leading Role,Special Features,Former Rental,Modified Item,Season,Movie/TV Title,Actor,Release Year,DVD Edition Year,Music Artist,Country/Region of Manufacture,California Prop 65 Warning,,,,,,,,,,,,,,,,,,,,,,,,,,,,,,,,,,,,,,,,,,,,,,,,,,,
Sheet Music,MPN,Genre,Year,Ensemble,Format,Instrument,Bundle,Skill Level,Modified Item,California Prop 65 Warning,Country/Region of Manufacture,,,,,,,,,,,,,,,,,,,,,,,,,,,,,,,,,,,,,,,,,,,,,,,,,,,,,,,,,,,
Product Manuals,Make,Literature Type,Publisher,Year of Publication,Media Type,Subscription Length,Modified Item,Non-Domestic Product,California Prop 65 Warning,Country/Region of Manufacture,,,,,,,,,,,,,,,,,,,,,,,,,,,,,,,,,,,,,,,,,,,,,,,,,,,,,,,,,,,,
Music & Sound Recordings,Genre,Artist,Title,Record Label,Duration,Release Year,Record Size,Custom Bundle,Speed,Edition,Modified Item,Special Attributes,Record Grading,Sleeve Grading,Language,Country/Region of Manufacture,California Prop 65 Warning,,,,,,,,,,,,,,,,,,,,,,,,,,,,,,,,,,,,,,,,,,,,,,,,,,,,,
Magazines & Newspapers,Type,First Lady,Material,President,Year,Term in Office,Modified Item,California Prop 65 Warning,Country/Region of Manufacture,,,,,,,,,,,,,,,,,,,,,,,,,,,,,,,,,,,,,,,,,,,,,,,,,,,,,,,,,,,,,
DVDs & Videos,Brand,Format,Genre,Rating,Region Code,Edition,Director,Leading Role,Special Features,Former Rental,Modified Item,Season,Movie/TV Title,Actor,Release Year,DVD Edition Year,Music Artist,Country/Region of Manufacture,California Prop 65 Warning,,,,,,,,,,,,,,,,,,,,,,,,,,,,,,,,,,,,,,,,,,,,,,,,,,,
Carpentry & Woodworking Project Plans,Brand,Subject,Format,MPN,Modified Item,Country/Region of Manufacture,California Prop 65 Warning,,,,,,,,,,,,,,,,,,,,,,,,,,,,,,,,,,,,,,,,,,,,,,,,,,,,,,,,,,,,,,,
Books,Subjects,Format,Type,Topic,Author,Special Attributes,Title,Series,Language,Publication Year,Modified Item,Publisher,Age Level,Era,Country,Region,City,Country/Region of Manufacture,Regional Cuisine,Cookery Topic,California Prop 65 Warning,,,,,,,,,,,,,,,,,,,,,,,,,,,,,,,,,,,,,,,,,,,,,,,,,
Shipping Supplies,Model,Custom Bundle,Modified Item,California Prop 65 Warning,Country/Region of Manufacture,,,,,,,,,,,,,,,,,,,,,,,,,,,,,,,,,,,,,,,,,,,,,,,,,,,,,,,,,,,,,,,,,
Presentation Supplies,Type,Brand,Model,Flutter Flag Style,Material,Color,Features,Custom Bundle,Modified Item,Height,Illumination Type,Industry,Placement Style,Poster Size,Sign Style,Surface Material,Width,California Prop 65 Warning,Country/Region of Manufacture,,,,,,,,,,,,,,,,,,,,,,,,,,,,,,,,,,,,,,,,,,,,,,,,,,,
Paper Handling,Model,Features,Instrument,Intended Use/Discipline,Custom Bundle,Modified Item,California Prop 65 Warning,Country/Region of Manufacture,,,,,,,,,,,,,,,,,,,,,,,,,,,,,,,,,,,,,,,,,,,,,,,,,,,,,,,,,,,,,,
Office Instruments,Type,Size,Model,Features,Key Size,Power Source,Custom Bundle,Display Size,Modified Item,California Prop 65 Warning,Country/Region of Manufacture,,,,,,,,,,,,,,,,,,,,,,,,,,,,,,,,,,,,,,,,,,,,,,,,,,,,,,,,,,,
Office Equipment,Type,Model,Custom Bundle,Modified Item,California Prop 65 Warning,Country/Region of Manufacture,,,,,,,,,,,,,,,,,,,,,,,,,,,,,,,,,,,,,,,,,,,,,,,,,,,,,,,,,,,,,,,,
Office & Chair Mats,Color,Material,MPN,Item Length,Item Width,Room,Size,Pattern,Pile Height,Style,Pile Type,Custom Bundle,Shape,Features,Era,Modified Item,Theme,Personalized,Weave,Regional Design,California Prop 65 Warning,Country/Region of Manufacture,,,,,,,,,,,,,,,,,,,,,,,,,,,,,,,,,,,,,,,,,,,,,,,,
Office Carts,Model,Style,Custom Bundle,Modified Item,California Prop 65 Warning,Country/Region of Manufacture,,,,,,,,,,,,,,,,,,,,,,,,,,,,,,,,,,,,,,,,,,,,,,,,,,,,,,,,,,,,,,,,
Lap Desks,Type,To Fit,Compatible Brand,Compatible Product Line,Color,Features,Custom Bundle,Model,Modified Item,California Prop 65 Warning,Country/Region of Manufacture,,,,,,,,,,,,,,,,,,,,,,,,,,,,,,,,,,,,,,,,,,,,,,,,,,,,,,,,,,,
Impulse Sealers,Model,Custom Bundle,Modified Item,California Prop 65 Warning,Country/Region of Manufacture,,,,,,,,,,,,,,,,,,,,,,,,,,,,,,,,,,,,,,,,,,,,,,,,,,,,,,,,,,,,,,,,,
General Office Supplies,Handmade,Material,Vintage,Modified Item,Country/Region of Manufacture,California Prop 65 Warning,,,,,,,,,,,,,,,,,,,,,,,,,,,,,,,,,,,,,,,,,,,,,,,,,,,,,,,,,,,,,,,,
Filing & Organization,Subject,Format,Educational Level,Type,Topic,Author,Special Attributes,Series,Language,Modified Item,Publication Year,Publisher,Country/Region of Manufacture,California Prop 65 Warning,,,,,,,,,,,,,,,,,,,,,,,,,,,,,,,,,,,,,,,,,,,,,,,,,,,,,,,,
Desk Pads & Blotters,Type,Mouse Pad Design,Color,Features,Model,Custom Bundle,Modified Item,California Prop 65 Warning,Country/Region of Manufacture,,,,,,,,,,,,,,,,,,,,,,,,,,,,,,,,,,,,,,,,,,,,,,,,,,,,,,,,,,,,,
Book Accessories,Material,Special Attributes,Modified Item,Country/Region of Manufacture,California Prop 65 Warning,,,,,,,,,,,,,,,,,,,,,,,,,,,,,,,,,,,,,,,,,,,,,,,,,,,,,,,,,,,,,,,,,
Religious Items,Handmade,Modified Item,Country/Region of Manufacture,California Prop 65 Warning,,,,,,,,,,,,,,,,,,,,,,,,,,,,,,,,,,,,,,,,,,,,,,,,,,,,,,,,,,,,,,,,,,
Memorial Ceremony Supplies,Original/Reprint,Listed By,Date of Creation,Photo Type,Color,Framing,Size Type/Largest Dimension,Region of Origin,Modified Item,Country/Region of Manufacture,California Prop 65 Warning,,,,,,,,,,,,,,,,,,,,,,,,,,,,,,,,,,,,,,,,,,,,,,,,,,,,,,,,,,,
Video Game Software,Game Name,Platform,Region Code,Release Year,MPN,Video Game Series,Rating,Genre,Features,Sub-Genre,Country/Region of Manufacture,California Prop 65 Warning,Custom Bundle,Manufacturer Warranty,,,,,,,,,,,,,,,,,,,,,,,,,,,,,,,,,,,,,,,,,,,,,,,,,,,,,,,,
Digital Goods & Currency,Type,Sleeve Length,Fit,Pattern,Neckline,Department,Material,Vintage,Theme,Features,Country/Region of Manufacture,Character,Character Family,Product Line,Graphic Print,Accents,Fabric Type,Handmade,Personalized,Season,Model,Garment Care,Year of Manufacture,California Prop 65 Warning,Manufacturer Color,MPN,,,,,,,,,,,,,,,,,,,,,,,,,,,,,,,,,,,,,,,,,,,,
Computer Software,Type,Platform,Brand,MPN,Operating Systems,Language,Format,License Category,Min. Hard Drive Space,Min. Processor Speed,Min. RAM,Modified Item,Model,California Prop 65 Warning,Country/Region of Manufacture,,,,,,,,,,,,,,,,,,,,,,,,,,,,,,,,,,,,,,,,,,,,,,,,,,,,,,,
Outdoor Recreation,Subjects,Format,Type,Topic,Author,Special Attributes,Title,Series,Language,Publication Year,Modified Item,Publisher,Age Level,Era,Country,Region,City,Country/Region of Manufacture,Regional Cuisine,Cookery Topic,California Prop 65 Warning,,,,,,,,,,,,,,,,,,,,,,,,,,,,,,,,,,,,,,,,,,,,,,,,,
Indoor Games,Model,Custom Bundle,Modified Item,Country/Region of Manufacture,California Prop 65 Warning,,,,,,,,,,,,,,,,,,,,,,,,,,,,,,,,,,,,,,,,,,,,,,,,,,,,,,,,,,,,,,,,,
Exercise & Fitness,Brand,Subject,Format,Activity,Movie/TV Title,Features,Custom Bundle,Model,Modified Item,Country/Region of Manufacture,California Prop 65 Warning,,,,,,,,,,,,,,,,,,,,,,,,,,,,,,,,,,,,,,,,,,,,,,,,,,,,,,,,,,,
Athletics,Card Attributes,Product,Professional Grader,Certification Number,Year,Modified Item,League,Era,Season,Convention/Event,Card Thickness,Card Number,California Prop 65 Warning,Series,Country/Region of Manufacture,,,,,,,,,,,,,,,,,,,,,,,,,,,,,,,,,,,,,,,,,,,,,,,,,,,,,,,
Toys,Gender,MPN,Theme,Character Family,Color,Recommended Age Range,Skills,Type,Custom Bundle,Model,Modified Item,Country/Region of Manufacture,California Prop 65 Warning,Age Level,,,,,,,,,,,,,,,,,,,,,,,,,,,,,,,,,,,,,,,,,,,,,,,,,,,,,,,,
Puzzles,MPN,Number of Pieces,Age Level,Theme,Recommended Age Range,Features,Material,Color,Award,Custom Bundle,Year,Character Family,Modified Item,Country/Region of Manufacture,California Prop 65 Warning,,,,,,,,,,,,,,,,,,,,,,,,,,,,,,,,,,,,,,,,,,,,,,,,,,,,,,,
Outdoor Play Equipment,Type,Dog Size,Custom Bundle,Model,MPN,Dog Breed,Modified Item,Country/Region of Manufacture,California Prop 65 Warning,,,,,,,,,,,,,,,,,,,,,,,,,,,,,,,,,,,,,,,,,,,,,,,,,,,,,,,,,,,,,
Game Timers,Autograph Authentication,Team,Player,Modified Item,California Prop 65 Warning,Country/Region of Manufacture,,,,,,,,,,,,,,,,,,,,,,,,,,,,,,,,,,,,,,,,,,,,,,,,,,,,,,,,,,,,,,,,
Games,Game Name,Platform,Region Code,Release Year,MPN,Video Game Series,Rating,Genre,Features,Sub-Genre,Country/Region of Manufacture,California Prop 65 Warning,Custom Bundle,Manufacturer Warranty,,,,,,,,,,,,,,,,,,,,,,,,,,,,,,,,,,,,,,,,,,,,,,,,,,,,,,,,
Vehicles,Make,Model,Trim,Engine,Drive Type,Sub Model,Exterior Color,Interior Color,Number of Cylinders,Transmission,Body Type,Warranty,Options,Safety Features,Power Options,Fuel Type,For Sale By,Disability Equipped,Drive Side,California Prop 65 Warning,,,,,,,,,,,,,,,,,,,,,,,,,,,,,,,,,,,,,,,,,,,,,,,,,,
Vehicle Parts & Accessories,Character Family,Type,Size,Age Level,Recommended Age Range,Packaging,Features,Custom Bundle,Year,Material,Convention,Modified Item,Ship Type,Accessory Type,MPN,Character,Scale,Vehicle Type,California Prop 65 Warning,Country/Region of Manufacture,,,,,,,,,,,,,,,,,,,,,,,,,,,,,,,,,,,,,,,,,,,,,,,,,,
